content_id,event_date,participants,ticket_revenue
C001,2025-03-10,265,1192500
C001,2025-06-10,295,1327500
C001,2025-09-10,425,1912500
C001,2025-12-10,462,2079000
C002,2025-03-11,399,1795500
C002,2025-06-11,461,2074500
C002,2025-09-11,496,2232000
C002,2025-12-11,548,2466000
C003,2025-03-12,399,1795500
C003,2025-06-12,605,2722500
C003,2025-09-12,674,3033000
C003,2025-12-12,527,2371500
C004,2025-03-13,618,2781000
C004,2025-06-13,471,2119500
C004,2025-09-13,519,2335500
C004,2025-12-13,506,2277000
C005,2025-03-14,603,2713500
C005,2025-06-14,826,3717000
C005,2025-09-14,947,4261500
C005,2025-12-14,1245,5602500
C006,2025-03-15,894,4023000
C006,2025-06-15,756,3402000
C006,2025-09-15,1061,4774500
C006,2025-12-15,1016,4572000
