content_id,month,sales_count,revenue
C001,2025-01,655,1637500
C001,2025-02,806,2015000
C001,2025-03,760,1900000
C001,2025-04,662,1655000
C001,2025-05,865,2162500
C001,2025-06,991,2477500
C001,2025-07,1010,2525000
C001,2025-08,885,2212500
C001,2025-09,1115,2787500
C001,2025-10,1026,2565000
C001,2025-11,1066,2665000
C001,2025-12,1454,3635000
C002,2025-01,339,1017000
C002,2025-02,358,1074000
C002,2025-03,445,1335000
C002,2025-04,401,1203000
C002,2025-05,484,1452000
C002,2025-06,419,1257000
C002,2025-07,610,1830000
C002,2025-08,584,1752000
C002,2025-09,507,1521000
C002,2025-10,654,1962000
C002,2025-11,564,1692000
C002,2025-12,652,1956000
C003,2025-01,982,3437000
C003,2025-02,869,3041500
C003,2025-03,842,2947000
C003,2025-04,1156,4046000
C003,2025-05,1014,3549000
C003,2025-06,1298,4543000
C003,2025-07,1419,4966500
C003,2025-08,1214,4249000
C003,2025-09,1156,4046000
C003,2025-10,1207,4224500
C003,2025-11,1418,4963000
C003,2025-12,1556,5446000
C004,2025-01,622,1244000
C004,2025-02,523,1046000
C004,2025-03,651,1302000
C004,2025-04,654,1308000
C004,2025-05,568,1136000
C004,2025-06,635,1270000
C004,2025-07,617,1234000
C004,2025-08,513,1026000
C004,2025-09,513,1026000
C004,2025-10,571,1142000
C004,2025-11,523,1046000
C004,2025-12,622,1244000
C005,2025-01,571,1427500
C005,2025-02,567,1417500
C005,2025-03,646,1615000
C005,2025-04,766,1915000
C005,2025-05,718,1795000
C005,2025-06,838,2095000
C005,2025-07,1280,3200000
C005,2025-08,892,2230000
C005,2025-09,875,2187500
C005,2025-10,939,2347500
C005,2025-11,1245,3112500
C005,2025-12,1604,4010000
C006,2025-01,934,2802000
C006,2025-02,752,2256000
C006,2025-03,835,2505000
C006,2025-04,890,2670000
C006,2025-05,1120,3360000
C006,2025-06,830,2490000
C006,2025-07,1191,3573000
C006,2025-08,1055,3165000
C006,2025-09,906,2718000
C006,2025-10,1119,3357000
C006,2025-11,939,2817000
C006,2025-12,1391,4173000
C007,2025-01,242,847000
C007,2025-02,266,931000
C007,2025-03,267,934500
C007,2025-04,280,980000
C007,2025-05,311,1088500
C007,2025-06,234,819000
C007,2025-07,366,1281000
C007,2025-08,236,826000
C007,2025-09,291,1018500
C007,2025-10,227,794500
C007,2025-11,307,1074500
C007,2025-12,292,1022000
C008,2025-01,282,564000
C008,2025-02,295,590000
C008,2025-03,358,716000
C008,2025-04,322,644000
C008,2025-05,328,656000
C008,2025-06,393,786000
C008,2025-07,526,1052000
C008,2025-08,558,1116000
C008,2025-09,576,1152000
C008,2025-10,454,908000
C008,2025-11,624,1248000
C008,2025-12,608,1216000
