content_id,month,views,watch_time
C001,2025-01,229202,19960
C001,2025-02,210810,40856
C001,2025-03,268013,25830
C001,2025-04,228623,36382
C001,2025-05,236145,42699
C001,2025-06,246898,42398
C001,2025-07,359940,67688
C001,2025-08,259399,58862
C001,2025-09,262645,25697
C001,2025-10,337580,65083
C001,2025-11,364277,51040
C001,2025-12,426455,75104
C002,2025-01,297184,26808
C002,2025-02,276736,26374
C002,2025-03,273597,34208
C002,2025-04,313496,35977
C002,2025-05,386348,69751
C002,2025-06,321779,62008
C002,2025-07,503966,90378
C002,2025-08,409278,85851
C002,2025-09,370426,32652
C002,2025-10,382305,85931
C002,2025-11,409871,74453
C002,2025-12,596241,90725
C003,2025-01,142577,17501
C003,2025-02,161410,23121
C003,2025-03,170550,27247
C003,2025-04,134730,23908
C003,2025-05,153138,14221
C003,2025-06,184963,30094
C003,2025-07,166367,31850
C003,2025-08,171279,21128
C003,2025-09,153370,22783
C003,2025-10,197848,24304
C003,2025-11,164454,36217
C003,2025-12,206431,36987
C004,2025-01,194176,31892
C004,2025-02,182547,15228
C004,2025-03,155592,34650
C004,2025-04,172150,15842
C004,2025-05,208218,20027
C004,2025-06,160656,31717
C004,2025-07,217150,36004
C004,2025-08,207115,30405
C004,2025-09,189407,36522
C004,2025-10,216041,39063
C004,2025-11,189997,19282
C004,2025-12,213197,36580
C005,2025-01,104556,18611
C005,2025-02,144017,30572
C005,2025-03,126048,23152
C005,2025-04,164171,27743
C005,2025-05,166715,34086
C005,2025-06,142411,21076
C005,2025-07,214890,39612
C005,2025-08,157259,22602
C005,2025-09,207512,25033
C005,2025-10,191016,23899
C005,2025-11,229904,34440
C005,2025-12,254416,23132
C006,2025-01,108366,24089
C006,2025-02,88482,13819
C006,2025-03,98632,9087
C006,2025-04,97581,19608
C006,2025-05,105799,24009
C006,2025-06,113493,21688
C006,2025-07,154714,26334
C006,2025-08,127074,11679
C006,2025-09,121704,25709
C006,2025-10,109189,12143
C006,2025-11,134991,16012
C006,2025-12,173437,20859
C007,2025-01,82940,14173
C007,2025-02,98007,11170
C007,2025-03,81470,11626
C007,2025-04,84694,11075
C007,2025-05,80028,12170
C007,2025-06,107416,10132
C007,2025-07,104423,23320
C007,2025-08,107925,14976
C007,2025-09,108472,20486
C007,2025-10,114961,20857
C007,2025-11,111703,14325
C007,2025-12,138479,14329
C008,2025-01,61748,10270
C008,2025-02,77978,14892
C008,2025-03,84470,10384
C008,2025-04,97355,20469
C008,2025-05,90282,11270
C008,2025-06,105971,18958
C008,2025-07,131095,21773
C008,2025-08,93137,8813
C008,2025-09,128711,21259
C008,2025-10,123380,13022
C008,2025-11,118752,25909
C008,2025-12,172092,37546
